{
  "bj":{
    "j1":{
      "id":"j1",
      "name": "iOS 开发工程师",
      "duty": [
        "参与 iOS 平台上区块链产品的设计和开发;",
        "根据产品需求完成架构和模块设计、编码、测试工作;",
        "能按照项目计划，按时提交高质量的代码，完成开发任务。"
      ],
      "need": [
        "3年以上 iOS 开发经验；",
        "精通 Swift / Objective-C ；",
        "遇到问题能快速查找相关资料，熟练使用 git 工具进行版本管理；",
        "工作认真、积极、有责任心；",
        "有较强的沟通能力及团队协作能力；",
        "App Store 上有作品、 github 上有开源项目的优先；",
        "有区块链开发经验,有相关成熟作品的优先。"
      ]
    },
    "j2":{
      "id":"j2",
      "name":"Android 开发工程师",
      "duty":[
        "负责 Android 移动端产品的设计开发工作；","根据产品需求完成架构和模块设计、编码、测试工作；","能按照项目计划，按时提交高质量的代码，完成开发任务。"
      ],
      "need":[
        "3年以上 Android 开发经验；",
        "精通 Java ；",
        "遇到问题能快速查找相关资料，熟练使用 git 工具进行版本管理；",
        "工作认真、积极、有责任心；",
        "有较强的沟通能力及团队协作能力；",
        "Google Play 上有作品、 github 上有开源项目的优先；",
        "有区块链开发经验,有相关成熟作品的优先。"
      ]
    },
    "j3":{
      "id":"j3",
      "name":"C++工程师",
      "duty":["我们寻找最富有创新精神的工程师设计和开发区块链技术相关的产品与架构，构建复杂的大规模应用，引导未来全球数字货币领域发展方向。"],
      "need":[
        "计算机科学或类似技术领域理学学士学位（或具备同等水平的实践经验）；",
        "具有一种或多种通用编程语言方面的软件开发经验；",
        "在以下至少两个领域具有工作经验：网络应用开发、Unix/Linux 环境、移动应用开发、分布式并行系统、网络、大型软件系统开发、安全防护软件开发；",
        "工作能力强。"
      ]
    },
    "j4":{
      "id":"j4",
      "name":"Web 前端开发工程师",
      "duty":[
        "负责 Web 产品的设计开发工作；",
        "负责安全产品的前端功能设计与实现，提升产品体验及策略调试效率；",
        "负责系统的可靠性和体验优化。"
      ],
      "need":[
        "深入理解 W3C 标准，熟练 HTML5、CSS3 进行开发；",
        "有 ES5 开发经验并且了解 ES6",
        "熟练使用调试抓包工具，能独立分析前端性能瓶颈进行性能调优；",
        "熟悉移动设备调试；",
        "至少使用过 Angular、React、Vue 其中一种，做过实际项目开发；",
        "了解模块化开发模式及流程;",
        "熟练使用Grunt、Webpack 等打包工具。",
        "遇到问题能快速查找相关资料，熟练使用 git 工具进行版本管理；",
        "工作认真、积极、有责任心；",
        "热爱前端技术、关注国内外各大技术论坛，有技术博客者；",
        "有区块链开发经验，有相关成熟作品的优先。"
      ]
    },
    "j5":{
      "id":"j5",
      "name":"Node.js 开发工程师",
      "duty":[
        "负责 Web 前端和后端（Node.js）开发、需求实现；",
        "与设计、后台开发人员等保持良好沟通，能快速理解、消化各方需求，并落实为具体的开发工作。"
      ],
      "need":[
        "三年以上 Server 端开发经验，并拥有至少一年的 Node.js 开发经验；",
        "JavaScript 基本概念清晰，熟练掌握闭包、事件、回调、Promise 等；",
        "熟练掌握 Node.js 核心模块;",
        "具有 Java、Python、PHP 等其中一种后端语言的开发经验；",
        "熟悉 MySQL ，MongoDB，Redis 一种或多种；",
        "有一定的英文阅读能力，github 上有开源项目的优先；",
        "有区块链开发经验，有相关成熟作品的优先。"
      ]
    },
    "j6":{
      "id":"j6",
      "name":"UI 设计师/视觉设计师",
      "duty":[
        "负责移动端（iOS、Android）产品的整体 UI 设计；",
        "为界面、图标、动画等提供高质量和创造性的设计方案；",
        "优化产品的用户体验。"
      ],
      "need":[
        "1年以上 UI 设计经验；",
        "具备移动端（iOS、Android）平台的产品设计能力；",
        "熟练使用 Photoshop、AI、Sketch等设计软件；",
        "有一定的手绘基础；",
        "有成功的设计作品及产品案例；",
        "工作认真、积极、有责任心；",
        "有较强的沟通能力及团队协作能力；",
        "艺术设计、工业设计、视觉传达等相关专业本科以上学历；",
        "简历请附上作品，谢谢！"
      ]
    },
    "j7":{
      "id":"j7",
      "name":"Python开发工程师",
      "duty":[
        "负责基于 Python 的后端产品设计开发工作；",
        "负责系统开发，维护现有的项目和系统；",
        "编码习惯良好。"
      ],
      "need":[
        "3年以上 Python 开发经验；",
        "精通 MySQL 等数据库，并熟悉 SQLAlchemy 开发；",
        "精通 Python Web 框架及 RESTFul API 的编写；",
        "遇到问题能快速查找相关资料，熟练使用 git 工具进行版本管理；",
        "工作认真、积极、有责任心；",
        "有较强的沟通能力及团队协作能力；",
        "github 上有开源项目的优先；",
        "有区块链开发经验,有相关成熟作品的优先。"
      ]
    },
    "j8":{
      "id":"j8",
      "name":"人事专员",
      "duty":[
        "负责公司内部的人才招聘工作并进行招聘渠道的拓展、维护及网络招聘信息的发布和更新；",
        "负责新进员工试用期的跟踪考核，晋升提薪及转正合同的签订并形成相应档案资料；",
        "负责员工调查问卷的发放和收集，分析汇总调查结果，形成结论上报；",
        "负责统计汇总，上报员工考勤月报表，处理考勤异常情况；",
        "负责员工绩效考核资料的定期统计汇总，上报，并对绩效考核的方式方法提出意见和建议；",
        "负责完成公司人事工作任务，并提出改进意见；",
        "负责公司人事文件的呈转及发放；",
        "负责办理员工入职、离职、转正、调岗、调薪等相关工作。"
      ],
      "need":[
        "本科以上学历，人力资源相关专业；",
        "熟练使用 Office 办公软件，具备基本的网络知识；",
        "优秀的语言和文字表达能力，良好的沟通、协调能力，较强的策划、计划、组织、执行能力，善于观察分析；",
        "工作效率高，服务意识强，耐心细致，有责任心，具有保密意识。"
      ]
    },
    "j9":{
      "id":"j9",
      "name":"运营专员",
      "duty":[
        "各类用户社群及社交媒体维护、拓展，及时挖掘及解决用户问题，提出产品建议；",
        "针对产品及用户特点策划活动并组织及落实；",
        "通过互联网线上多渠道实现用户拉新，分析用户行为，对注册转化率等指标等进行数据监测，发现问题，形成解决方案；",
        "从用户生命周期角度运营用户，维护活跃用户、激活沉默用户，针对不同用户类型设计有效激励机制，提升活跃度和留存率。"
      ],
      "need":[
        "性格外向，善于沟通，亲和力强，执行力强；",
        "擅长 APP 运营及活动策划；",
        "对互联网有热情，对创业团队有了解，热爱学习，敢于创新；",
        "善于独立工作，能承受较大压力；",
        "具有良好的外语（英、日、韩）读写能力者优先；",
        "对区块链及数字货币领域有了解者优先。"
      ]
    },
    "j10":{
      "id":"j10",
      "name":"客服",
      "duty":[
        "熟悉公司产品和技术规范；",
        "负责帮助用户解决日常使用产品过程中遇到的问题；",
        "收集客户需求，及时将客户需求整理并反应至技术部门；",
        "协助部门其他同事完成相关工作。"
      ],
      "need":[
        "大专以上学历，一年以上工作经验、具有发现解决问题的敏感力；",
        "具有良好的服务意识，较强的学习能力；",
        "具有良好的团队合作和人际沟通技巧。"
      ]
    },
    "j11":{
      "id":"j11",
      "name":"实习生招聘",
      "duty":[
        "产品公告、行业新闻、白皮书、技术文档翻译，商务合作以及新媒体运营。"
      ],
      "need":[
        "英语专业八级/国家三级翻译/托福100/雅思7分及以上（至少满足一项）；会日语等其他小语种更佳。",
        "每周3天上班，至少实习3个月，本科生研究生均可；",
        "对互联网运营感兴趣，善于团队协作，沟通能力强，不惧挑战；",
        "乐于学习新鲜事物、有区块链基础知识加分；"
      ]
    }
  },
  "hk":{
    "j1":{
      "id":"j1",
      "name": "運營專員",
      "duty": [
        "擅长 APP 运营及活动策划，具有良好的英语读写能力者优先；",
        "对区块链及数字货币领域有了解者优先。",
        "通過互聯網線上多渠道實現用戶拉新，分析用戶行爲，對註冊轉化率等指標等進行數據監測，發現問題，形成解決方案；",
        "從用戶生命週期角度運營用戶，維護活躍用戶、激活沉默用戶，針對不同用戶類型設計有效激勵機制，提升活躍度和留存率。"
      ],
      "need": [
        "擅長APP運營及活動策劃，具有良好的英語讀寫能力者優先；",
        "對區塊鏈及數位貨幣領域有瞭解者優先。",
        "性格外向，善於溝通，親和力強，執行力强；"
      ]
    },
    "j2":{
      "id":"j2",
      "name": "開發工程師",
      "duty": [
        "負責系統開發，維護現有的項目和系統；"
      ],
      "need": [
        "計算機科學或類似科技領域學士學位（或具備同等水准的實踐經驗）；",
        "具有一種或多種通用編程語言方面的經驗，包括但不限於：Java , C / C++ , Objective C , Swift , Python ,JavaScript 等；",
        "富有創新精神，喜歡解決棘手的技術難題，對探索未知領域充滿熱情 "
      ]
    }
  },
  "hkEn":{
    "j1":{
      "id":"j1",
      "name": "Operation specialist",
      "duty": [
        "Maintain and expand various user communities and social media, mine and solve user problems in a timely manner, and propose product suggestions;",
        "Plan and organize and implement activities for product and user characteristics;"
      ],
      "need": [
        "Good at APP operation and event planning. Good English reading and writing ability is preferred;",
        "Knowledge of blockchain and digital currency is preferred.",
        "Extroverted, good at communication, strong affinity, strong execution;"
      ]
    },
    "j2":{
      "id":"j2",
      "name": "Development Engineer",
      "duty": [
        "Responsible for system development and maintenance of existing projects and systems;",
        "Good programming habits."
      ],
      "need": [
        "Bachelor's degree in computer science or similar technology (or equivalent level of practical experience);",
        "Experience in one or multiple programming languages, including but not limited to: Java, C/C++, Objective-C, Swift, Python, JavaScript;",
        "Innovative, passion for solving difficult technical problems, enthusiasm for exploring unknown areas"
      ]
    }
  }

}