{
  "cn":[
    {
      "title":"比特派机房停机维护通知",
      "intro":"比特派机房设备将于北京时间 2018 年 10 月 22 日晚 23:00 点整停机维护，停机期间派钱包收、发币，交易所交易功能正常、派银行充值正常，应用内以下功能受到影响",
      "data":"2018-10-22",
      "watch":1,
      "id":26,
      "month":"October",
      "day":"22",
      "type":1
    },
    {
      "title":"比特派首个“广告位”开启",
      "intro":"众所周知，比特派是没广告的，作为把用户体验放到第一位的团队，我们对于任何能干扰用户体验的功能都是拒绝的，这里面当然也包括了广告。",
      "data":"2018-10-13",
      "watch":1,
      "id":25,
      "month":"October",
      "day":"13",
      "type":1
    },
    {
      "title":"关于比特派暂停 LBTC 充提的公告",
      "intro":"尊敬的派友：由于 LBTC 主网升级，为了保障平台用户利益，比特派将于香港时间2018年10月10日10:00关闭充提功能，恢复时间请关注后续通知。",
      "data":"2018-10-10",
      "watch":1,
      "id":24,
      "month":"October",
      "day":"10",
      "type":1
    },
    {
      "title":"关于恢复 SAFE 发币功能的公告",
      "intro":"亲爱的派友：SAFE 的主网升级已经完成，比特派钱包目前已经针对 SAFE 新主网完成了调试和升级，现在已经重新开放 SAFE 发币功能，请升级 App 至最新版 v3.5.8 即可使用。感谢您对比特派 Bitpie 的支持。",
      "data":"2018-09-29",
      "watch":1,
      "id":23,
      "month":"September",
      "day":"29",
      "type":1
    },
    {
      "title":"关于比特派将持续支持 BTM 主网兑换通知",
      "intro":"亲爱的用户：比特派 Bitpie 与比原链 Bytom 已宣布全面生态合作，双方将在多方面展开深度合作。日前比特派已经完成比原链（Bytom）主网对接",
      "data":"2018-09-17",
      "watch":1,
      "id":22,
      "month":"September",
      "day":"17",
      "type":1
    },
    {
      "title":"关于比特派暂停 SAFE 充提的公告",
      "intro":"尊敬的派友：由于 SAFE 主网升级，为了保障平台用户利益，比特派将于香港时间2018年9月10日10:00关闭充提功能，恢复时间请关注后续通知。",
      "data":"2018-09-10",
      "watch":1,
      "id":21,
      "month":"September",
      "day":"10",
      "type":1
    },
    {
      "title":"关于比特派恢复 BCH 充提的公告",
      "intro":"尊敬的派友：BCH 压测已稳定，比特派现已恢复 BCH 的充提，暂停期间为您带来的不便，敬请谅解！",
      "data":"2018-09-03",
      "watch":1,
      "id":19,
      "month":"September",
      "day":"03",
      "type":1
    },
    {
      "title":"比特派钱包关于暂停 BCH 充提的公告",
      "intro":"亲爱的派友：由于 BCH 将于新加坡时间 2018年9月1日 20:00 进行全网压测，为了保证平台用户利益，比特派钱包将于 2018年9月1日 20:00(香港时间)暂停派钱包和派银行中 BCH 的充提，并将于后续压测完成且运行稳定后，重新开放 BCH 充提功能。具体时间请关注后续通知。",
      "data":"2018-08-31",
      "watch":1,
      "id":20,
      "month":"August",
      "day":"31",
      "type":1
    },
    {
      "title":"关于恢复 Zcash（ZEC）发币功能的公告",
      "intro":"亲爱的派友：Zcash（ZEC）的 Overwinter 主网升级已经完成，比特派钱包目前已经针对 Zcash 新主网完成了调试和升级，现在已经重新开放 ZEC 发币功能，请升级 App 至最新版 v3.4.6即可使用。感谢您对比特派 Bitpie 的支持。",
      "data":"2018-08-10",
      "watch":1,
      "id":3,
      "month":"August",
      "day":"10",
      "type":1
    },
    {
      "title":"关于比特派 iOS 版企业证书的说明",
      "intro":"比特派作为去中心化钱包，无法掌控用户资产，所有资产均由用户自己保管，只有保管好密语才能保障您的资产安全。在前几天苹果未有任何通知突然回收企业证书前，我们已经多次反复提醒用户要保管好12个单词的密语（最近一次是在回收前的一周，比特派客户端内置顶了相关提示，要求用户一定要抄密语，并且不要轻易卸载比特派App）。",
      "data":"2018-03-26",
      "watch":683,
      "id":1,
      "month":"March",
      "day":"26",
      "type":1
    },
    {
      "title":"服务器升级通知",
      "intro":"比特派服务器正在进行升级，预计1小时完成。升级期间请您避免执行收发、交易等操作。",
      "data":"2018-08-08",
      "watch":14,
      "id":8,
      "month":"August",
      "day":"08",
      "type":3
    },
    {
      "title":"比特派钱包关于支持 HCASH 主链升级并暂停 HSR 充提的公告",
      "intro":"亲爱的派友：根据 HCASH 官方公告，HCASH 将于 938888 高度进行主链升级（预计时间为2018年8月8日，具体时间以区块高度为准）。比特派支持 HCASH 主链升级，并会为用户完成映射。同时 比特派钱包 将于北京时间2018年8月6日12:00关闭 HSR 的充值和提币业务。",
      "data":"2018-08-05",
      "watch":2011,
      "id":7,
      "month":"August",
      "day":"05",
      "type":1
    },
    {
      "title":"比特派钱包关于同步升级 EOS 节点的公告",
      "intro":"比特派钱包目前正在进行 EOS 节点同步升级，部分用户 EOS 数量显示异常，这并不会影响到您的资产安全。节点同步预计24小时内完成。感谢您的理解与支持。",
      "data":"2018-07-22",
      "watch":1,
      "id":9,
      "month":"July",
      "day":"22",
      "type":3
    },
    {
      "title":"派钱包已经支持波场 TRON 主网",
      "intro":"目前，比特派 Bitpie 已经完成对波场 TRON 的主网更新和支持。主网代币 TRX 的收发功能已经开启，用户即日起可以使用派钱包收发 TRX。",
      "data":"2018-07-09",
      "watch":1,
      "id":11,
      "month":"July",
      "day":"09",
      "type":1
    },
    {
      "title":"派钱包关于恢复 BTG 充提的公告",
      "intro":"BTG 主网升级已经完成，现已恢复 BTG 的充提。感谢您的理解与支持。",
      "data":"2018-07-09",
      "watch":1,
      "id":12,
      "month":"July",
      "day":"09",
      "type":3
    },
    {
      "title":"关于 BTG 暂停充提的公告",
      "intro":"亲爱的派友：由于 BTG 主网升级，为了保证平台用户利益，比特派将于2018年6月30日13:00(香港时间)暂停派钱包和派银行中 BTG 的充提，并将于后续主网升级完成且运行稳定后，重新开放 BTG 充提功能。具体时间请关注后续通知。",
      "data":"2018-06-30",
      "watch":1,
      "id":13,
      "month":"June",
      "day":"30",
      "type":3
    },
    {
      "title":"关于暂停 Zcash（ZEC）发币功能的公告",
      "intro":"由于 Zcash（ZEC）将于区块高度 347500 进行硬分叉(预计为香港时间2018年6月26日05:00)，为了保证平台用户利益，比特派钱包将于2018年6月25日21:00暂停 ZEC 发币功能。",
      "data":"2018-06-25",
      "watch":1,
      "id":15,
      "month":"June",
      "day":"25",
      "type":1
    },
    {
      "title":"派钱包支持比原链 Bytom(BTM) 主网更新及代币迁移补充公告",
      "intro":"比特派 Bitpie 与比原链 Bytom 已宣布全面生态合作，双方将在多方面展开深度合作。",
      "data":"2018-06-21",
      "watch":1,
      "id":16,
      "month":"June",
      "day":"21",
      "type":1
    }
  ],
  "en":[
    {
      "title":"Notification of Server Maintenance",
      "intro":"The server maintenance will be performed from 11:00 p.m. October 22, 2018 to 3:00 a.m. October 23, 2018(UTC+8). During the maintenance, please be noted the following functions will be affected",
      "data":"2018-10-22",
      "watch":1,
      "id":26,
      "month":"October",
      "day":"22",
      "type":1
    },
    {
      "title":"The First Paid Placement is Coming",
      "intro":"In a long run, Bitpie always put the users experience at the first place—we refuse to provide any function that harm user experience, of course including Advertisement.",
      "data":"2018-10-13",
      "watch":1,
      "id":25,
      "month":"October",
      "day":"13",
      "type":1
    },
    {
      "title":"Bitpie Wallet Has Suspended the Deposit and Withdrawal of LBTC",
      "intro":"Dear Bitpiers, Bitpie Wallet has closed the deposit and withdrawal functions due to the mainnet upgrade of LBTC for the security of the assets of Bitpiers. Please wait for the resumption.",
      "data":"2018-10-10",
      "watch":1,
      "id":24,
      "month":"October",
      "day":"10",
      "type":1
    },
    {
      "title":"Resumption of Sending SAFE cash",
      "intro":"Dear Bitpiers, The upgrade of SAFE mainnet, is completed and Bitpie Wallet has finished the testing and upgrade targeting SAFE mainnet. Now the sending service of SAFE is resumed. Please upgrade your Bitpie Wallet to the latest version v3.4.6 and enjoy the sending service.",
      "data":"2018-09-29",
      "watch":1,
      "id":23,
      "month":"September",
      "day":"29",
      "type":1
    },
    {
      "title":"Bitpie Wallet Will Support the Conversion into Mainnet BTM",
      "intro":"Dear Bitpiers, Bitpie and Bytom have announced all-round cooperation in the ecology. The two parties will conduct deep cooperation in various areas in the future. Bitpie has just finished the connection to Bytom mainnet and will convert former BTM into mainnet BTM for Bitpiers. The detailed information are as follows.",
      "data":"2018-09-17",
      "watch":1,
      "id":22,
      "month":"September",
      "day":"17",
      "type":1
    },
    {
      "title":"Bitpie Wallet Has Suspended the Deposit and Withdrawal of SAFE",
      "intro":"Dear Bitpiers, Bitpie Wallet has closed the deposit and withdrawal functions due to the mainnet upgrade of SAFE for the security of the assets of Bitpiers. Please wait for the resumption.",
      "data":"2018-09-10",
      "watch":1,
      "id":21,
      "month":"September",
      "day":"10",
      "type":1
    },
    {
      "title":"Resumption of Sending Zcash(ZEC)",
      "intro":"Dear Bitpiers, The upgrade of Zcash mainnet, Overwinter, is completed and Bitpie Wallet has finished the testing and upgrade targeting Zcash mainnet. Now the sending service of Zcash is resumed. Please update your Bitpie Wallet to the latest version v3.4.6 and enjoy the sending service.Thanks for your support for Bitpie Wallet.",
      "data":"2018-08-10",
      "watch":1,
      "id":3,
      "month":"August",
      "day":"10",
      "type":1
    },
    {
      "title":"Launch of the Period One Bytom (BTM) Financial Plan",
      "intro":"As a participant and supporter of Bytom ecology, Bitpie Team has always been optimistic about Bytom ecology and enthusiastic about related function development. Bitpie Wallet also developed Bytom-related security framework.",
      "data":"2018-08-14",
      "watch":1,
      "id":19,
      "month":"August",
      "day":"14",
      "type":1
    },
    {
      "title":"Notification to affected iOS users",
      "intro":"Dear users As a decentralized wallet, Bitpie Wallet do not hold any users’ assets, which are all taken care of by users themselves. Users assets are in blockchain network, only when a user takes good care of the SEED phrase/mnemonic can he guarantee assets safety. Therefore, we have reminded users repeatedly to backup and keep the SEED phrases/mnemonics well（the latest reminder was pushed by sticking on the top of Bitpie App a week before the certificate issue）. After the revocation of the certificate by Apple Inc., we immediately released a notification informing the users not to uninstall the Bitpie App and advising users to recover the account in Android devices. Unfortunately, there are still some users failed to follow the announcement. As a follow-up, we are releasing this document to help users who failed to do so...",
      "data":"2018-03-26",
      "watch":683,
      "id":1,
      "month":"March",
      "day":"26",
      "type":1
    },
    {
      "title":"Server Upgrade Notification",
      "intro":"Due to the recent surge in the number of users, the visits to some regions have been slow. In order to bring you a more convenient and comfortable experience, we need to upgrade the server hardware. You will not be able to send, receive, and trade during updating from 13:00 to 14:00 (UTC+8).",
      "data":"2018-08-08",
      "watch":14,
      "id":8,
      "month":"August",
      "day":"08",
      "type":3
    },
    {
      "title":"Notice of EOS Block Synchronization and Upgrading",
      "intro":"The Bitpie Wallet is having EOS block synchronization and upgrading now. Though there is abnormal display in some Bitpier’ EOS amount, the assets safety won’t be affected. The block synchronization is estimated to be finished within 24 hours.",
      "data":"2018-07-22",
      "watch":1,
      "id":9,
      "month":"July",
      "day":"22",
      "type":3
    },
    {
      "title":"Bitpie Wallet Starts Supporting TRON Mainnet",
      "intro":"Fellow Bitpiers:Bitpie has already finished TRON mainnet upgrade and supported TRON mainnet. The sending and receiving services for TRX token has also been opened which means Bitpiers can henceforth send and receive TRX via Bitpie.",
      "data":"2018-07-09",
      "watch":40,
      "id":11,
      "month":"July",
      "day":"09",
      "type":1
    },
    {
      "title":"Notice of Resumption of BTG Deposit and Withdrawal",
      "intro":"The upgrade of BTG mainnet has been finished and Bitpie has resumed BTG deposit and withdrawals in Bitpie Wallet and Pie Bank.",
      "data":"2018-07-09",
      "watch":1,
      "id":12,
      "month":"July",
      "day":"09",
      "type":3
    },
    {
      "title":"Notice of Suspending BTG Deposit and Withdrawal Services",
      "intro":"Due to the upgrade of BTG mainnet and for the sake of your interests, Bitpie will suspend BTG deposit and withdrawals in Bitpie Wallet and Pie Bank at 13:00 on June 30, 2018(GMT+8). We will resume the deposit and withdrawal of BTG promptly after the BTG mainnet runs stably. Please pay attention to our announcement for the specific time.",
      "data":"2018-06-30",
      "watch":1,
      "id":13,
      "month":"June",
      "day":"30",
      "type":3
    },
    {
      "title":"Notice of Suspending the Service of Sending Zcash (ZEC)",
      "intro":"Zcash (ZEC) will have a hard fork at block height 347500 at 05:00 on June 26, 2018(GMT+8). For the sake of your interests, Bitpie will suspend the service of sending Zcash (ZEC) at 21:00 June 25, 2018(GMT+8).",
      "data":"2018-06-25",
      "watch":1,
      "id":15,
      "month":"June",
      "day":"25",
      "type":1
    },
    {
      "title":"Supplement to the Notice of Bitpie Wallet Supporting BYTOM Blockchain Upgrade and Token Migration",
      "intro":"Bitpie and BYTOM have announced deep ecological cooperation in all aspects.",
      "data":"2018-06-21",
      "watch":1,
      "id":16,
      "month":"June",
      "day":"21",
      "type":1
    }
  ]
}