[
  {
    "src":"/static/image/index_friend/icon_okex@2x.png",
    "link":"https://www.okb.com/"
  },
  {
    "src":"/static/image/index_friend/huobi@2x.png",
    "link":"https://www.huobi.pro/"
  },
  {
    "src":"/static/image/index_friend/BYTOM@2x.png",
    "link":"http://bytom.io/"
  },
  {
    "src":"/static/image/index_friend/FBG@2x.png",
    "link":"https://www.fbg.capital/"
  },
  {
    "src":"/static/image/index_friend/AIcoin@2x.png",
    "link":"http://www.aicoin.com/"
  },
  {
    "src":"/static/image/index_friend/jinse@2x.png",
    "link":"https://www.jinse.com/"
  },
  {
    "src":"/static/image/index_friend/BTCC@2x.png",
    "link":"https://www.btcc.com"
  },
  {
    "src":"/static/image/index_friend/8btc@2x.png",
    "link":"http://www.8btc.com/"
  },
  {
    "src":"/static/image/index_friend/hecaijing@2x.png",
    "link":"https://www.hecaijing.com/"
  },
  {
    "src":"/static/image/index_friend/slowmist.png",
    "link":"https://www.slowmist.com/"
  },
  {
    "src":"/static/image/index_friend/TRON@2x.png",
    "link":"https://tron.network/"
  },
  {
    "src":"/static/image/index_friend/GXS@2x.png",
    "link":"https://www.gxb.io/"
  },
  {
    "src":"/static/image/index_friend/aelf@2x.png",
    "link":"https://aelf.io/"
  },
  {
    "src":"/static/image/index_friend/delphy@2x.png",
    "link":"http://delphy.org/"
  },
  {
    "src":"/static/image/index_friend/0X@2x.png",
    "link":"https://0xproject.com/"
  },
  {
    "src":"/static/image/index_friend/coinbull.png",
    "link":"https://coinbull.one/"
  },
  {
    "src":"/static/image/index_friend/CASH@2x.png",
    "link":"https://z.cash/"
  },
  {
    "src":"/static/image/index_friend/EOSCANNON@2x.png",
    "link":"https://eoscannon.io/"
  },
  {
    "src":"/static/image/index_friend/helloeos@2x.png",
    "link":"https://www.helloeos.com/"
  },
  {
    "src":"/static/image/index_friend/blockone@2x.png",
    "link":"https://block.one/"
  },
  {
    "src":"/static/image/index_friend/IMEOS@2x.png",
    "link":"https://imeos.one/"
  },
  {
    "src":"/static/image/index_friend/icon_bitmain@2x.png",
    "link":"https://ont.io/"
  },
  {
    "src":"/static/image/index_friend/icon_ontology@2x.png",
    "link":"https://www.bitmain.com/"
  }
]