{
  "cn":{
    "title":"关于恢复 Zcash（ZEC）发币功能的公告",
    "data":"2018-08-10",
    "id":3,
    "watch":1,
    "message":[
      {
        "type":0,
        "data":"亲爱的派友："
      },
      {
        "type":0,
        "data":"Zcash（ZEC）的 Overwinter 主网升级已经完成，比特派钱包目前已经针对 Zcash 新主网完成了调试和升级，现在已经重新开放 ZEC 发币功能，请升级 App 至最新版 v3.4.6即可使用。"
      },
      {
        "type":0,
        "data":"感谢您对比特派 Bitpie 的支持。"
      },
      {
        "type":0,
        "data":"比特派团队<br/>2018年08月10日"
      }
    ]
  },
  "en":{
    "title":"Resumption of Sending Zcash(ZEC)",
    "data":"2018-08-10",
    "id":3,
    "watch":1,
    "message":[
      {
        "type":0,
        "data":"Dear Bitpiers,"
      },
      {
        "type":0,
        "data":"The upgrade of Zcash mainnet, Overwinter, is completed and Bitpie Wallet has finished the testing and upgrade targeting Zcash mainnet. Now the sending service of Zcash is resumed. Please update your Bitpie Wallet to the latest version v3.4.6 and enjoy the sending service."
      },
      {
        "type":0,
        "data":"Thanks for your support for Bitpie Wallet."
      },
      {
        "type":0,
        "data":"Bitpie Team<br/>August 10, 2018"
      }
    ]
  }
}