{
  "cn":{
    "title":"比特派机房停机维护通知",
    "data":"2018-10-22",
    "id":26,
    "watch":26,
    "message":[
      {
        "type":0,
        "data":" 比特派机房设备将于北京时间 2018 年 10 月 22 日晚 23:00 点整停机维护，停机期间派钱包收、发币，交易所交易功能正常、派银行充值正常，应用内以下功能受到影响："
      },
      {
        "type":0,
        "data":"1.一键买卖将于 10 月 22 日 23:00 关闭"
      },
      {
        "type": 0,
        "data": "2.停机期间派银行提币不会及时到账，机房正常运作后会陆续为您发币 整个停机过程预计 4 小时，请您提前做好相关规划，感谢您的理解与支持。"
      },
      {
        "type":0,
        "data":"比特派团队<br/>2018年10月22日"
     },
      {
        "type":0,
        "data":"Bitpie 社群：<br/>新浪微博：@比特派钱包<a href='weibo.com/bitpiewallet' target='_blank'> weibo.com/bitpiewallet</a><br/>微信公众号：公众号搜索“比特派钱包”<br/>Telegram：<a href='t.me/bitpie1' target='_blank'>t.me/bitpie1</a>"
      }
    ]
  },
  "en":{
    "title":"Notification of Server Maintenance",
    "data":"2018-10-22",
    "id":26,
    "watch":26,
    "message":[
      {
        "type":0,
        "data":"The server maintenance will be performed from 11:00 p.m. October 22, 2018 to 3:00 a.m. October 23, 2018(UTC+8). During the maintenance, please be noted the following functions will be affected:"
      },
      {
        "type":0,
        "data":"1.Instant Trade will be closed at 23:00 October 22nd,2018;"
      },
      {
        "type":0,
        "data":"2.The withdrawal function of Pie Bank will not work during the maintenance and resume after the server operation recovers."
      },
      {
        "type":0,
        "data":"However, the receiving and sending, ExPie exchange and deposit function of Pie Bank will remain working."
      },
      {
        "type":0,
        "data":"Thank you for your understanding and support."
      },
      {
        "type":0,
        "data":"Bitpie Team<br/>October 22, 2018"
      },
      {
        "type":0,
        "data":"Find us on<br/>Telegram：<a href='t.me/BitpieInternational' target='_blank'>t.me/BitpieInternational</a><br/>Twitter：<a href='twitter.com/BitpieWallet' target='_blank'>twitter.com/BitpieWallet</a><br>Medium: <a href='https://medium.com/@Bitpie' target='_blank'>https://medium.com/@Bitpie</a>"
      }
    ]
  }
}