{
  "cn":{
    "title":"关于比特派将持续支持 BTM 主网兑换通知",
    "data":"2018-09-17",
    "id":22,
    "watch":22,
    "message":[
      {
        "type":0,
        "data":"亲爱的用户："
      },
      {
        "type":0,
        "data":"比特派 Bitpie 与比原链 Bytom 已宣布全面生态合作，双方将在多方面展开深度合作。日前比特派已经完成比原链（Bytom）主网对接，接下来将为广大派友兑换主网 BTM，本次兑换安排如下："
      },
      {
        "type":0,
        "data":" 1. 即刻起，派银行将暂停 BTM-ERC20 资产提现业务；<br/>2. 原有 BTM 充值不受影响，如果您有 ERC20 资产的 BTM，可充值到比特派-派银行完成兑换；<br/>3. 派银行用户所持有的原 BTM-ERC20 资产将自动兑换，无需任何操作；<br/>4. 兑换完成后，将开放主网 BTM 的提币功能；<br/> 5. 比特派将会在每周进行集中兑换，直至 BTM 团队停止兑换工作。<br/>"
      },
      {
        "type":0,
        "data":"本次兑换工作将在2-3个工作日内完成。请未进行 BTM 主网兑换的朋友尽快完成兑换工作，以免您的资产遭受损失。"
      },
      {
        "type":0,
        "data":"比特派团队<br/>2018年09月17日"
      },
      {
        "type":0,
        "data":"Bitpie 社群：<br/>新浪微博：@比特派钱包<a href='weibo.com/bitpiewallet' target='_blank'> weibo.com/bitpiewallet</a><br/>微信公众号：公众号搜索“比特派钱包”<br/>Telegram：<a href='t.me/bitpie1' target='_blank'>t.me/bitpie1</a>"
      }
    ]
  },
  "en":{
    "title":"Bitpie Wallet Will Support the Conversion into Mainnet BTM",
    "data":"2018-09-17",
    "id":22,
    "watch":22,
    "message":[
      {
        "type":0,
        "data":"Dear Bitpiers,"
      },
      {
        "type":0,
        "data":"Bitpie and Bytom have announced all-round cooperation in the ecology. The two parties will conduct deep cooperation in various areas in the future. Bitpie has just finished the connection to Bytom mainnet and will convert former BTM into mainnet BTM for Bitpiers. The detailed information are as follows."
      },
      {
        "type":0,
        "data":" 1. From now on, Pie Bank will suspend the withdrawal of BTM-ERC20;<br/>2. The service for the former BTM withdrawal won’t be affected. Anyone who holds BTM based on ERC20 can deposit the ERC20 BTM at the Pie Bank for conversion;<br/>3. BTM-ERC20 of users of Pie Bank will be converted automatically without any operation from the users. Bitpie Wallet will do the conversion for the users;<br/>4. After the conversion, the function of withdrawal of mainnet BTM will be opened;<br/>5. Bitpie Wallet will do the conversion once a week. "
      },
      {
        "type":0,
        "data":"It is recommended that the Bitpiers who haven’t done the conversion follow this announcement and finish the conversion timely in case of assets loss.  "
      },
      {
        "type":0,
        "data":"Bitpie Team<br/>September 17, 2018"
      },
      {
        "type":0,
        "data":"Find us on<br/>Telegram：<a href='t.me/BitpieInternational' target='_blank'>t.me/BitpieInternational</a><br/>Twitter：<a href='twitter.com/BitpieWallet' target='_blank'>twitter.com/BitpieWallet</a><br>Medium: <a href='https://medium.com/@Bitpie' target='_blank'>https://medium.com/@Bitpie</a>"
      }
    ]
  }
}