{
  "cn": {
    "title": "关于恢复 SAFE 发币功能的公告",
    "data": "2018-09-29",
    "id": 23,
    "watch": 23,
    "message": [
      {
        "type": 0,
        "data": "亲爱的派友："
      },
      {
        "type": 0,
        "data": "SAFE 的主网升级已经完成，比特派钱包目前已经针对 SAFE 新主网完成了调试和升级，现在已经重新开放 SAFE 发币功能，请升级 App 至最新版 v3.5.8 即可使用。"
      },
      {
        "type": 0,
        "data": "感谢您对比特派 Bitpie 的支持。"
      },
      {
        "type": 0,
        "data": "比特派团队<br/>2018年09月29日"
      },
      {
        "type": 0,
        "data": "Bitpie 社群：<br/>新浪微博：@比特派钱包<a href='weibo.com/bitpiewallet' target='_blank'> weibo.com/bitpiewallet</a><br/>微信公众号：公众号搜索“比特派钱包”<br/>Telegram：<a href='t.me/bitpie1' target='_blank'>t.me/bitpie1</a>"
      }
    ]
  },
  "en":{
    "title":"Resumption of Sending SAFE cash",
    "data":"2018-09-29",
    "id":23,
    "watch":23,
    "message":[
      {
        "type":0,
        "data":"Dear Bitpiers,"
      },
      {
        "type":0,
        "data":"The upgrade of SAFE mainnet, is completed and Bitpie Wallet has finished the testing and upgrade targeting SAFE mainnet. Now the sending service of SAFE is resumed. Please upgrade your Bitpie Wallet to the latest version v3.4.6 and enjoy the sending service."
      },
      {
        "type":0,
        "data":"Thanks for your support to Bitpie Wallet. "
      },
      {
        "type":0,
        "data":"Bitpie Team<br/>September 29, 2018"
      },
      {
        "type":0,
        "data":"Find us on<br/>Telegram：<a href='t.me/BitpieInternational' target='_blank'>t.me/BitpieInternational</a><br/>Twitter：<a href='twitter.com/BitpieWallet' target='_blank'>twitter.com/BitpieWallet</a><br>Medium: <a href='https://medium.com/@Bitpie' target='_blank'>https://medium.com/@Bitpie</a>"
      }
    ]
  }
}