{
  "cn":{
    "title":"派钱包已经支持波场 TRON 主网",
    "data":"2018-07-09",
    "id":11,
    "watch":22,
    "message":[
      {
        "type":0,
        "data":"亲爱的派友："
      },
      {
        "type":0,
        "data":"目前，比特派 Bitpie 已经完成对波场 TRON 的主网更新和支持。主网代币 TRX 的收发功能已经开启，用户即日起可以使用派钱包收发 TRX。"
      },
      {
        "type":1,
        "data":null,
        "image":"/static/image/bitpie_tron.jpg"
      },
      {
        "type":0,
        "data":"比特派 Bitpie 与波场 TRON 已于 5 月份宣布全生态战略合作，双方将在多方面展开深度合作。作为第一款支持波场 TRON 主网的主流数字资产钱包，比特派将会一如既往地对波场 TRON 生态予以大力支持，努力让波场用户第一时间享受波场的全方位功能和服务。今后派钱包还将陆续开发针对波场主网的各项其他服务，同时也会对基于波场生态的优秀 DAPP 进行支持。更多功能敬请期待！"
      },
      {
        "type":0,
        "data":"波场 TRON 官网：<a href='https://tron.network/index?lng=zh' target='_blank'> tron.network </a>了解更多信息！<br/>谢您对比特派 Bitpie 的支持！"
      },
      {
        "type":0,
        "data":"比特派团队<br/>2018年07月09日"
      }
    ]
  },
  "en":{
    "title":"Bitpie Wallet Starts Supporting TRON Mainnet",
    "data":"2018-07-09",
    "id":11,
    "watch":22,
    "message":[
      {
        "type":0,
        "data":"Fellow Bitpiers:"
      },
      {
        "type":0,
        "data":"Bitpie has already finished TRON mainnet upgrade and supported TRON mainnet. The sending and receiving services for TRX token has also been opened which means Bitpiers can henceforth send and receive TRX via Bitpie."
      },
      {
        "type":1,
        "data":null,
        "image":"/static/image/bitpie_tron.jpg"
      },
      {
        "type":0,
        "data":"Bitpie and TRON have announced comprehensive strategic cooperation in May and the two parties will conduct deep cooperation in various aspects. As the first mainstream cryptocurrency wallet which supports TRON mainnet, Bitpie will continue to vigorously support TRON ecology and try our best to enable the TRX holders to enjoy all-round functions and services in the first place. Bitpie will also gradually develop other services for TRON mainnet and support premium DAPPs based on TRON. Stay tuned for more functions and services!"
      },
      {
        "type":0,
        "data":"Learn more:<a href='https://tron.network/index?lng=en' target='_blank'>tron.network </a><br/>Thanks for your support!"
      },
      {
        "type":0,
        "data":"Bitpie Team<br/>July 9, 2018"
      }
    ]
  }
}