{
  "cn":{
    "title":"服务器升级通知",
    "data":"2018-08-08",
    "id":8,
    "watch":14,
    "message":[
      {
        "type":0,
        "data":"亲爱的派友："
      },
      {
        "type":0,
        "data":"比特派服务器正在进行升级，预计1小时完成。升级期间请您避免执行收发、交易等操作。"
      },
      {
        "type":0,
        "data":"请耐心等待，感谢您的理解与支持。"
      },
      {
        "type":0,
        "data":"比特派团队<br/>2018年08月08日"
      }
    ]
  },
  "en":{
    "title":"Server Upgrade Notification",
    "data":"2018-08-08",
    "id":8,
    "watch":14,
    "message":[
      {
        "type":0,
        "data":"Dear Bitpie users:"
      },
      {
        "type":0,
        "data":"Due to the recent surge in the number of users, the visits to some regions have been slow. In order to bring you a more convenient and comfortable experience, we need to upgrade the server hardware. You will not be able to send, receive, and trade during updating from 13:00 to 14:00 (UTC+8)."
      },
      {
        "type":0,
        "data":"Please wait patiently，thank you for your understanding and support."
      },
      {
        "type":0,
        "data":"Bitpie team<br/>August 08, 2018"
      }
    ]
  }
}