{
  "cn":{
    "title":"比特派钱包内交易所上线 ADD/EOS 和 CHL/EOS 交易ADD 交易大赛公告",
    "data":"2018-08-06",
    "id":4,
    "watch":2011,
    "message":[
      {
        "type":0,
        "data":"亲爱的派友："
      },
      {
        "type":0,
        "data":"比特派 Bitpie 的派银行已于2018年8月6日16:00:00（香港时间）开通 ADD 和 CHL 充值提现通道。<span class='import'>请将比特派 APP 升级至最新版 v3.4.5 即可操作。</span>"
      },
      {
        "type":0,
        "data":"比特派安卓版下载：<a class='import' href='#/download'>点击</a><br/>比特派苹果版：苹果用户请通过香港或美国 ID 登录 App Store 搜索（比特派或者 Bitpie）更新下载。"
      },
      {
        "type":0,
        "data":"比特派 Bitpie 内置合作交易所 EXPIE 将于 2018年8月8日16:00:00  (香港时间)  在 EOS 交易区上线 ADD/EOS 交易对以及 CHL/EOS 交易对。"
      },
      {
        "type":0,
        "data":"同时，比特派将于2018年8月8日16:00:00  (香港时间) 开启 ADD/EOS 交易排名赛活动，同时进行空投和充值奖励活动，联合项目方豪掷200万 ADD，回馈广大派友。"
      },
      {
        "type":2,
        "data":"具体活动详情如下："
      },
      {
        "type":2,
        "data":"一、交易大赛赢壕礼！"
      },
      {
        "type":0,
        "data":"活动时间：香港时间2018年8月8日16:00:00至2018年8月13日16:00:00"
      },
      {
        "type":0,
        "data":"交易大赛活动规则:"
      },
      {
        "type":0,
        "data":"1、每日实力排名奖：</br>在比特派参与 ADD/EOS 交易的用户将根据「净买入量（买入-卖出）」进行每日排名，根据排名可分别获得一下奖励：<br/>第1名：50,000 ADD<br/>第2名：20,000 ADD<br/>第3名：10,000 ADD<br/>第4-10名：每位用户 3,000 ADD<br/>第11-50名： 每位用户500 ADD<br/>"
      },
      {
        "type":0,
        "data":"2、每日阳光普照奖：<br/>参与交易的用户交易量每达到100 EOS，即可获得100 ADD 奖励。例如，交易量达1200 EOS可获得1200 ADD。<br/>注：仅限交易量（买入+卖出）大于100 EOS 且排名前100的用户领取。"
      },
      {
        "type":2,
        "data":"二、空投奖励人人乐！"
      },
      {
        "type":0,
        "data":"比特派钱包将在 2018 年 8 月8日 16:00:00  (香港时间) 对比特派钱包（含派银行）内所有 EOS 账户内的 ADD 进行快照，对于 ADD 持有量大于100的每个账户空投10个 ADD；"
      },
      {
        "type":2,
        "data":"三、充值有礼，百万 ADD 躺着赚！"
      },
      {
        "type":0,
        "data":"比特派钱包将在 2018 年 8 月13日 16:00:00  (香港时间) 对比特派派银行内所有 EOS 账户内的 ADD「净充值（充值量-提出量）」明细进行统计，用户每净充值1000个 ADD 进派银行的，将会获得50个 ADD 奖励（活动奖励总体上限为100万个 ADD，发完为止）。"
      },
      {
        "type":0,
        "data":"温馨提示：<br/>1.活动最终解释权归比特派 Bitpie 所有；<br/>2.活动期间，如有恶意刷量行为，将取消参赛资格；<br/>3.阳光奖的用户与实力奖的用户可以重叠；<br/>4.活动结束后15个工作日内发放奖励。<br/>5.活动排名每个工作日20:00前在 bitpie.com 官网更新展示，最终榜单活动结束后五个工作日内公布，最终榜单公布后三个工作日内无举报则按排名发放奖励。<br/>6.数字资产是创新的投资产品，价格波动较大，请您理性判断自己的投资能力，审慎做出投资决策。"
      },
      {
        "type":0,
        "data":"创建账户教程：<a href='http://docs.bitpie.com/zh_CN/latest/eosaccount/index.html' class='import' target='_blank'>点击</a><br/>如果您在其它钱包有EOS账户，也可以导入比特派。导入教程：<a href='http://docs.bitpie.com/zh_CN/latest/privateKeyImport/index.html' class='import' target='_blank'>点击</a>"
      },
      {
        "type":0,
        "data":"祝您交易愉快！"
      },
      {
        "type":2,
        "data":"ADD项目简介："
      },
      {
        "type":0,
        "data":"ADD 将致力于建设基于 EOS 数据与应用生态，提供从“互联网+”到“区块链+” 的转型的数据中枢与应用平台。数据流动、数据分析与数据存储将不可阻挡的形成跨域趋势 ，ADD 试图打造的 ADD 数据银行是基于 EOS 的全球超级计算机与超级节点的实时数据中枢与应用平台，这是一个可扩展、低延迟、高交互、并拥有可扩安全链域护栏的分布式网络平台。"
      },
      {
        "type":0,
        "data":"在同步拥有不同链域来源的数据后，ADD 将使用自建的数据模型、数据引擎与引索机制为生态用户提供可视化、便捷的自设更细颗粒度的分析、提供专项维度与行业报告与评级体系，同时提供为用户提供一站式的去中心化应用平台级解决方案。"
      },
      {
        "type":0,
        "data":"代币名称：ADD<br/>空投比例：2 EOS：1 ADD<br/>代币总量：100亿<br/>空投数量：5亿<br/>快照时间：2018年6月1日<br/>空投时间：英国伦敦当地时间2018年6月22日零时起（夏令时UTC+1）<br/>项目官网：<a href='https://eosadd.com' target='_blank'>https://eosadd.com</a>"
      },
      {
        "type":2,
        "data":"CHALLENGE项目简介："
      },
      {
        "type":0,
        "data":"CHALLENGE （挑战）旨在利用区块链技术开发DAPP，通过使用代币经济和智能合约技术将任务游戏化，让人们参与积极行为。CHALLENGE DAPP将是我们首次亮相的DAPP。它的目的是激励和奖励进行锻炼并且被众人承认其保持健康的行为的玩家。CHALLENGE 代币总量为27亿个，我们将在2018年夏季以2比1的比例向EOS代币持有者空投20亿个代币。"
      },
      {
        "type":0,
        "data":"产品：CHALLENGE DAPP<br/>代币：CHL<br/>空投比例：2 CHL：1 EOS<br/>空投数量：20亿<br/>代币总量：27亿<br/>快照时间：2018年6月1日<br/>空投时间：2018年7月16日<br/>项目官网：<a href='http://challengedapp.io/' target='_blank'>http://challengedapp.io/</a>"
      },
      {
        "type":0,
        "data":"特派 Bitpie 团队<br/>2018年8月6日"
      }
    ]
  },
  "en":{
    "title":"Bitpie Built-in Exchange Lists ADD/EOS and CHL/EOS Trading Pairs ADD/EOS Trading Competition",
    "data":"2018-08-06",
    "id":4,
    "watch":2011,
    "message":[
      {
        "type":0,
        "data":"Dear Bitpiers:"
      },
      {
        "type":0,
        "data":"Bitpie’s Pie Bank has opened the deposit and withdrawal of ADD and CHL on August 6, 2018 at 16:00:00 (Hong Kong time).<span class='import'>Please update to the latest verstion 3.4.5 to operate.</span>"
      },
      {
        "type":0,
        "data":"Bitpie Android:<a class='import' href='#/download'> Click</a><br/>Bitpie iOS: Search “bitpie” in AppStore"
      },
      {
        "type":0,
        "data":"Bitpie’s built-in exchange will list ADD/EOS and CHL/EOS trading pairs on August 8, 2018 at 16:00:00 (Hong Kong time)."
      },
      {
        "type":0,
        "data":"Bitpie’s built-in exchange will launch ADD/EOS trading competition at 16:00:00 (Hong Kong time) on August 8, 2018, while at the same time the airdrop and rewarding activities will be held. 2 million ADDs will be awarded to Bitpiers. Detailed information is as follows."
      },
      {
        "type":2,
        "data":"I Daily Giveaway"
      },
      {
        "type":0,
        "data":"Activity time: <br/>16:00:00, August 8, 2018 to 16:00:00, August 13, 2018(Hong Kong time)"
      },
      {
        "type":0,
        "data":"Trading Competition Rules(on a daily basis):"
      },
      {
        "type":0,
        "data":"1.Awards for largest daily trading volume. Users who participate in ADD/EOS trading in Bitpie’s built-in exchange will be ranked every 24 hours pursuant to the NET purchase volume (buying volume minus selling volume).<br/>Top 1: 50,000 ADD<br/>Top 2: 20,000 ADD<br/>Top 3: 10,000 ADD<br/>Top 4-10: 3,000 ADD per user<br/>Top 11-50: 500 ADD per user"
      },
      {
        "type":0,
        "data":"2.For the FIRST 100 traders whose trading volume (24h) exceed 100 EOS, 100 ADD giveaways for every 100-EOS-equivalent volume will be awarded pursuant to their TOTAL trading volume (buying plus selling)."
      },
      {
        "type":2,
        "data":"II Airdrop to Every ADD HODLers"
      },
      {
        "type":0,
        "data":"Bitpie Wallet will take a snapshot of all ADD of EOS accounts in Bitpie Wallet (including Pie Bank) at 16:00:00 August 8, 2018 (Hong Kong time). And there will be airdrops of 10 ADD for each account saving more than 100 ADD. III Rewards for Depositing—Millions of ADD to Give Away!"
      },
      {
        "type":0,
        "data":"Bitpie Wallet will calculate the NET deposit records from the outset(deposit minus withdrawal) of all UID in Pie Bank at 16:00:00, August 13, 2018 (Hong Kong time). For each UID, every 1,000 ADD NET deposit to Pie Bank will be awarded 50 ADD (total awards limit is 1 million ADD). ADD’s deposit and withdrawal service will be opened on Pie Bank at 18:00:00 on August 6, 2018(Hong Kong time)."
      },
      {
        "type":0,
        "data":"Tips: <br/>1.Bitpie reserves the right to cancel or amend the Competition or Competition Rules at our sole discretion.<br/>2.Any intentional wash trading during the Competition period will not be tolerated and may result in disqualification.<br/>3.Rewards will be issued within 15 working days after the competition.<br/>4.The rankings will be updated on Bitpie.com before 20:00 (Hong Kong time) on each working day, and the final list will be published within FIVE working days after the end of the campaign. If no winners are reported within three working days after the final list is published, the list will be deemed as valid and final.<br/>5.Digital assets are innovative investment products, and their prices fluctuate greatly. Please judge your investment ability rationally and make investment decisions prudently."
      },
      {
        "type":0,
        "data":"How to Create a New EOS Account:<a href='http://docs.bitpie.com/en/latest/eosaccount/index.html' class='import' target='_blank'> Click</a><br/>How to Import an Existing EOS Account to Bitpie:<a href='http://docs.bitpie.com/en/latest/privateKeyImport/index.html' class='import' target='_blank'>  Click</a>"
      },
      {
        "type":0,
        "data":"Enjoy your trading!"
      },
      {
        "type":2,
        "data":"About ADD"
      },
      {
        "type":0,
        "data":"ADD is committed to building a data hub and application platform that help users transform from “Internet +” to “Blockchain+” based on EOS data and application ecosystem. "
      },
      {
        "type":0,
        "data":"Data flow, data analysis and data storage will form an unstoppable cross-domain trend. ADD data bank that ADD is trying to build is a real-time data hub and application platform based on EOS global supercomputer and super node, which is a scalable and highly interactive distributed network platform with low latency."
      },
      {
        "type":0,
        "data":"After synchronizing data from different chain sources, ADD will use the self-built data model, data engine and index mechanism to provide ecological users with visual, convenient self-designed fine-grained analysis, special dimensions and industry reports and rating system as well as a one-stop decentralized application solutions at platform level for users."
      },
      {
        "type":0,
        "data":"Name of Token: ADD<br/>Snapshot Date: June 1, 2018<br/>Airdrop Date: June 22, 2018<br/>Total Supply: 10,000,000,000<br/>Airdrop Supply: 500,000,000<br/>Receivable: 2 EOS: 1 ADD<br/>Official Website:<a href='https://eosadd.com' target='_blank'> https://eosadd.com</a>"
      },
      {
        "type":2,
        "data":"About CHALLENGE"
      },
      {
        "type":0,
        "data":"Here at CHALLENGE, our mission is to use Blockchain technology to produce DAPPs that influence people to engage in positive behavior through the gamification of tasks using token economies and smart contract technology. Our debut DAPP will be the CHALLENGE DAPP. Its purpose will be to motivate and reward players to work-out and stay fit while gaining massive adoption. There will be a total of 2.7 billion hard capped CHALLENGE tokens, of those we will be airdropping 2 billion at a ration of 2-to-1 to EOS token holders during the summer of 2018."
      },
      {
        "type":0,
        "data":"Name of Token: CHL<br/>Snapshot Date: 2018-06-02<br/>Airdrop Date: 2018-07-16<br/>Total Supply: 2,700,000,000<br/>Airdrop Supply: 2,000,000,000<br/>Receivable: 2 CHL：1 EOS<br/>Official Website:<a href='http://challengedapp.io/' target='_blank'>  http://challengedapp.io/</a>"
      },
      {
        "type":0,
        "data":"Bitpie team<br/>August 6, 2018"
      }
    ]
  }
}