{
    "cn":{
      "title":"关于暂停 Zcash（ZEC）发币功能的公告",
      "data":"2018-06-25",
      "id":15,
      "watch":13,
      "message":[
        {
          "type":0,
          "data":"亲爱的派友："
        },
        {
          "type":0,
          "data":"由于 Zcash（ZEC）将于区块高度 347500 进行硬分叉(预计为香港时间2018年6月26日05:00)，为了保证平台用户利益，比特派钱包将于2018年6月25日21:00暂停 ZEC 发币功能。"
        },
        {
          "type":0,
          "data":"派钱包将会在 Zcash（ZEC）硬分叉完成且运行稳定后，重新开放 ZEC 发币功能。"
        },
        {
            "type":0,
            "data":"请注意，充提服务暂停期间：<span class='import'>请不要收发 Zcash（ZEC），以免造成不必要的资产损失！</span>"
        },
        {
            "type":0,
            "data":"感谢您对比特派 Bitpie 的支持，不便之处，敬请谅解。"
        },
        {
            "type":0,
            "data":"比特派团队<br/>2018年06月25日"
        },
        {
            "type":0,
            "data":"Bitpie 社群：<br/>新浪微博：@比特派钱包<a href='weibo.com/bitpiewallet' target='_blank'> weibo.com/bitpiewallet</a><br/>微信公众号：公众号搜索“比特派钱包”<br/>Telegram：<a href='t.me/bitpie1' target='_blank'>t.me/bitpie1</a>"
        }
      ]
    },
    "en":{
      "title":"Notice of Suspending the Service of Sending Zcash (ZEC)",
      "data":"2018-06-25",
      "id":15,
      "watch":22,
      "message":[
        {
          "type":0,
          "data":"Dear Bitpiers:"
        },
        {
          "type":0,
          "data":"Zcash (ZEC) will have a hard fork at block height 347500 at 05:00 on June 26, 2018(GMT+8). For the sake of your interests, Bitpie will suspend the service of sending Zcash (ZEC) at 21:00 June 25, 2018(GMT+8)."
        },
        {
            "type":0,
            "data":"We will resume the sending service promptly after Zcash (ZEC) completes its hard fork and runs stably."
        },
        {
            "type":0,
            "data":"Attention:<span class='import'> Please do not deposit Zcash in your Bitpie wallet during the suspension of Zcash deposit and withdrawal, or else you may lose your assets.</span> "
        },
        {
            "type":0,
            "data":"Your support for Bitpie is greatly appreciated!"
        },
        {
            "type":0,
            "data":"Bitpie Team<br/>June 30, 2018"
        },
        {
          "type":0,
          "data":"Find us on<br/>Telegram：<a href='t.me/BitpieInternational' target='_blank'>t.me/BitpieInternational</a><br/>Twitter：<a href='twitter.com/BitpieWallet' target='_blank'>twitter.com/BitpieWallet</a>"
        }
      ]
    }
  }