{
  "cn":{
    "title":"ADD/EOS 交易竞赛获奖名单（第四期 8月11日 - 12日）",
    "data":"2018-08-13",
    "id":18,
    "watch":14,
    "message":[
      {
        "type":0,
        "data":"2018 年 8 月8 日 16：00， 比特派 Bitpie 正式开通 ADD/EOS 交易对，为感谢平台用户的支持和信任，连同 ADD 同步上线交易大赛以及三重奖励，花样送好礼，详情可<a href='#/newsMessage?id=4' class='import' target='_blank'>点击</a>了解。"
      },
      {
        "type":0,
        "data":"派银行已进行 ADD、CHL 糖果的发放，同时开通 ADD/EOS、CHL/EOS 交易对及开放 ADD 交易大赛，详情：<a href='#/newsMessage?id=4' target='_blank'>点击</a>"
      },
      {
        "type":2,
        "data":"<span class='import'>一、交易大赛赢壕礼！</span>"
      },
      {
        "type":0,
        "data":"其中交易竞赛活动，通过统计每日用户交易量进行排名，并发放奖励。现将第四期的交易竞赛即交易时间段为：8 月 11 日 16:00 – 12日16:00 的中奖明细公示如下："
      },
      {
        "type":0,
        "data":"1、每日实力排名奖：<br/>中奖账户为：<br/>第1名：155367＊ <br/>第2名：27239＊<br/>第3名：15176＊ <br/>第4-10名： 155382＊,151550＊,26494＊,11524＊,29425＊,28428＊,19162＊"
      },
      {
        "type":0,
        "data":"第11-50名：<br/>26494＊,11524＊,29425＊,28428＊,19162＊,11295＊,15755＊,19042＊,<br/>34671＊,14812＊,15003＊,12975＊,27372＊,22484＊,28310＊,34875＊,<br/>34781＊,33888＊,19140＊,28498＊,32074＊,22149＊,20444＊,29893＊,<br/>19885＊,31081＊,18182＊,24411＊,17283＊,19057＊,13381＊,22315＊,<br/>24502＊,34980＊,28581＊,27805＊,32053＊,33039＊,22516＊,10939＊,<br/>11320＊,34181＊,12932＊,21077＊,11004＊"
      },
      {
        "type":0,
        "data":"奖励为：<br/>第1名：19986＊ <br/>第2名：20,000 ADD<br/>第3名：10,000 ADD<br/>第4-10名：每位用户 3,000 ADD<br/>第11-50名： 每位用户500 ADD"
      },
      {
        "type":0,
        "data":"2、每日阳光普照奖：<br/>中奖账户为：<br/>43879＊,26460＊,195612＊"
      },
      {
        "type":0,
        "data":"中奖者均可获得100 ADD 奖励。"
      },
      {
        "type":0,
        "data":"<span class='import'>恭喜中奖用户，交易活动仍在持续进行，欢迎大家前来参与！</span>"
      },
      {
        "type":0,
        "data":"温馨提示：<br/>1.活动最终解释权归比特派 Bitpie 所有；<br/>2.活动期间，如有恶意刷量行为，将取消参赛资格；<br/>3.阳光奖的用户与实力奖的用户可以重叠；<br/>4.活动结束后15个工作日内发放奖励。<br/>5.活动排名每个工作日20:00前在 bitpie.com 官网更新展示，最终榜单活动结束后五个工作日内公布，最终榜单公布后三个工作日内无举报则按排名发放奖励。<br/>6.数字资产是创新的投资产品，价格波动较大，请您理性判断自己的投资能力，审慎做出投资决策。<br/>7. 以上时间均为香港时间（UTC+8）。"
      },
      {
        "type":0,
        "data":"创建账户教程：<a href='http://docs.bitpie.com/zh_CN/latest/eosaccount/index.html' class='import' target='_blank'>点击</a><br/>如果您在其它钱包有EOS账户，也可以导入比特派。导入教程：<a href='http://docs.bitpie.com/zh_CN/latest/privateKeyImport/index.html' class='import' target='_blank'>点击</a>"
      },
      {
        "type":0,
        "data":"比特派团队<br/>2018年08月13日"
      },
      {
        "type":0,
        "data":"Bitpie 社群：<br/>新浪微博：@比特派钱包<a href='weibo.com/bitpiewallet' target='_blank'> weibo.com/bitpiewallet</a><br/>微信公众号：公众号搜索“比特派钱包”<br/>Telegram：<a href='t.me/bitpie1' target='_blank'>t.me/bitpie1</a>"
      }
    ]
  },
  "en":{
    "title":"ADD/EOS Trading Competition Winner Lists (Day Four 11th -12th Aug.)",
    "data":"2018-08-13",
    "id":18,
    "watch":14,
    "message":[
      {
        "type":0,
        "data":"At 16:00 8th August, Bitpie listed the ADD/EOS trading pair in its built-in exchange. To extend the gratitude to our users’ trust and supports, Bitpie and ADD launched the trading competition of ADD/EOS with multiple rewards. For details, please<a href='#/newsMessage?id=4' class='import' target='_blank'> click</a>"
      },
      {
        "type":2,
        "data":"<span class='import'>I Daily Giveaway</span>"
      },
      {
        "type":0,
        "data":"1.Awards for largest daily trading volume. Users who participate in ADD/EOS trading in Bitpie’s built-in exchange will be ranked every 24 hours pursuant to the purchase volume (buying volume minus selling volume). The trading period is 16:00 11th -16:00 12th Aug. The winning UIDs are:<br/>19986＊,155367＊,155367＊ <br/>27239＊,19186＊,10195＊,15088＊,154970＊,28580＊,13732＊,<br/>34468＊,15109＊,20509＊,21169＊,25028＊,28083＊,19301＊,<br/>20851＊,22937＊,18054＊,23846＊,20231＊,23449＊,28393＊,<br/>19236＊,32343＊,18334＊,17317＊,20288＊,16133＊,23071＊,<br/>32989＊,24297＊,32396＊,28068＊,21205＊,20770＊,30125＊,<br/>25046＊,33328＊,27418＊,23136＊,17408＊,18993＊,20202＊,<br/>27184＊,11796＊,29043＊,21633＊,11063＊,11364＊,26611＊,<br/>18235＊,19624＊,27873＊,35395＊,24726＊,18463＊,16203＊"
      },
      {
        "type":0,
        "data":"The rewards are:<br/>Top 1: 50,000 ADD<br/>Top 2: 20,000 ADD<br/>Top 3: 10,000 ADD<br/>Top 4-10: 3,000 ADD per user<br/>Top 11-50: 500 ADD per user"
      },
      {
        "type":0,
        "data":"2.For the FIRST 100 traders whose trading volume (24h) exceed 100 EOS, 100 ADD giveaways for every 100-EOS-equivalent volume will be awarded pursuant to their TOTAL trading volume (buying plus selling). The winning UIDs are:43879＊,26460＊,195612＊"
      },
      {
        "type":0,
        "data":"Congratulations to the winners! The competition is still ongoing. Welcome to join us!"
      },
      {
        "type":0,
        "data":"Tips: <br/>1.Bitpie reserves the right to cancel or amend the Competition or Competition Rules at our sole discretion.<br/>2.Any intentional wash trading during the Competition period will not be tolerated and may result in disqualification.<br/>3.Rewards will be issued within 15 working days after the competition.<br/>4.The rankings will be updated on Bitpie.com before 20:00 (Hong Kong time) on each working day, and the final list will be published within FIVE working days after the end of the campaign. If no winners are reported within three working days after the final list is published, the list will be deemed as valid and final.<br/>5.Digital assets are innovative investment products, and their prices fluctuate greatly. Please judge your investment ability rationally and make investment decisions prudently.<br/>6.All the time above is Hong Kong Time (UTC+8)."
      },
      {
        "type":0,
        "data":"How to Create a New EOS Account:<a href='http://docs.bitpie.com/en/latest/eosaccount/index.html' class='import' target='_blank'> Click</a><br/>How to Import an Existing EOS Account to Bitpie:<a href='http://docs.bitpie.com/en/latest/privateKeyImport/index.html' class='import' target='_blank'>  Click</a>"
      },
      {
        "type":0,
        "data":"Enjoy your trading!"
      },
      {
        "type":0,
        "data":"Bitpie Team<br/>August 13, 2018"
      },
      {
        "type":0,
        "data":"Find us on<br/>Telegram：<a href='t.me/BitpieInternational' target='_blank'>t.me/BitpieInternational</a><br/>Twitter：<a href='twitter.com/BitpieWallet' target='_blank'>twitter.com/BitpieWallet</a>"
      }
    ]
  }
}