{
  "cn":{
    "title":"关于比特派暂停 SAFE 充提的公告",
    "data":"2018-09-10",
    "id":21,
    "watch":21,
    "message":[
      {
        "type":0,
        "data":"尊敬的派友："
      },
      {
        "type":0,
        "data":"由于 SAFE 主网升级，为了保障平台用户利益，比特派将于香港时间2018年9月10日10:00关闭充提功能，恢复时间请关注后续通知。"
      },
      {
        "type":0,
        "data":"请注意，充提服务暂停期间请不要进行 SAFE 的收发，以免造成不必要的资产损失。SAFE官网网址：<a href='https://www.anwang.com/'>https://www.anwang.com/</a>"
      },
      {
        "type":0,
        "data":"比特派团队<br/>2018年09月10日"
      },
      {
        "type":0,
        "data":"Bitpie 社群：<br/>新浪微博：@比特派钱包<a href='weibo.com/bitpiewallet' target='_blank'> weibo.com/bitpiewallet</a><br/>微信公众号：公众号搜索“比特派钱包”<br/>Telegram：<a href='t.me/bitpie1' target='_blank'>t.me/bitpie1</a>"
      }
    ]
  },
  "en":{
    "title":"Bitpie Wallet Has Suspended the Deposit and Withdrawal of SAFE",
    "data":"2018-09-10",
    "id":21,
    "watch":21,
    "message":[
      {
        "type":0,
        "data":"Dear Bitpiers,"
      },
      {
        "type":0,
        "data":"Bitpie Wallet has closed the deposit and withdrawal functions due to the mainnet upgrade of SAFE for the security of the assets of Bitpiers. Please wait for the resumption."
      },
      {
        "type":0,
        "data":"Notice: Before the resumption, please don’t receive and send SAFE in case of assets loss. The official website of SAFE is：<a href='https://www.anwang.com/'>https://www.anwang.com/</a>"
      },
      {
        "type":0,
        "data":"Bitpie Team<br/>September 10, 2018"
      },
      {
        "type":0,
        "data":"Find us on<br/>Telegram：<a href='t.me/BitpieInternational' target='_blank'>t.me/BitpieInternational</a><br/>Twitter：<a href='twitter.com/BitpieWallet' target='_blank'>twitter.com/BitpieWallet</a><br>Medium: <a href='https://medium.com/@Bitpie' target='_blank'>https://medium.com/@Bitpie</a>"
      }
    ]
  }
}