{
  "cn":{
    "title":"比特派钱包关于同步升级 EOS 节点的公告",
    "data":"2018-07-22",
    "id":9,
    "watch":14,
    "message":[
      {
        "type":0,
        "data":"亲爱的派友："
      },
      {
        "type":0,
        "data":"比特派钱包目前正在进行 EOS 节点同步升级，部分用户 EOS 数量显示异常，这并不会影响到您的资产安全。节点同步预计24小时内完成。感谢您的理解与支持。"
      },
      {
        "type":0,
        "data":"比特派团队<br/>2018年07月22日"
      },
      {
        "type":0,
        "data":"Bitpie 社群：<br/>新浪微博：@比特派钱包<a href='weibo.com/bitpiewallet' target='_blank'> weibo.com/bitpiewallet</a><br/>微信公众号：公众号搜索“比特派钱包”<br/>Telegram：<a href='t.me/bitpie1' target='_blank'>t.me/bitpie1</a>"
      }
    ]
  },
  "en":{
    "title":"Notice of EOS Block Synchronization and Upgrading",
    "data":"2018-07-22",
    "id":9,
    "watch":14,
    "message":[
      {
        "type":0,
        "data":"Dear Bitpiers,"
      },
      {
        "type":0,
        "data":"The Bitpie Wallet is having EOS block synchronization and upgrading now. Though there is abnormal display in some Bitpier’ EOS amount, the assets safety won’t be affected. The block synchronization is estimated to be finished within 24 hours."
      },
      {
        "type":0,
        "data":"Thanks a lot for your understanding and support."
      },
      {
        "type":0,
        "data":"Bitpie Team<br/>July 22, 2018"
      },
      {
        "type":0,
        "data":"Find us on<br/>Telegram：<a href='t.me/BitpieInternational' target='_blank'>t.me/BitpieInternational</a><br/>Twitter：<a href='twitter.com/BitpieWallet' target='_blank'>twitter.com/BitpieWallet</a>"
      }
    ]
  }
}