{
    "cn":{
      "title":"派钱包关于恢复 BTG 充提的公告",
      "data":"2018-07-09",
      "id":12,
      "watch":12,
      "message":[
        {
          "type":0,
          "data":"亲爱的派友："
        },
        {
          "type":0,
          "data":"BTG主网升级已经完成，现已恢复BTG的充提。感谢您的理解与支持。"
        },
        {
          "type":0,
          "data":"比特派团队<br/>2018年07月09日"
        },
        {
            "type":0,
            "data":"Bitpie 社群：<br/>新浪微博：@比特派钱包<a href='weibo.com/bitpiewallet' target='_blank'> weibo.com/bitpiewallet</a><br/>微信公众号：公众号搜索“比特派钱包”<br/>Telegram：<a href='t.me/bitpie1' target='_blank'>t.me/bitpie1</a>"
        }
      ]
    },
    "en":{
      "title":"Notice of Resumption of BTG Deposit and Withdrawal",
      "data":"2018-07-09",
      "id":11,
      "watch":22,
      "message":[
        {
          "type":0,
          "data":"Fellow Bitpiers:"
        },
        {
          "type":0,
          "data":"The upgrade of BTG mainnet has been finished and Bitpie has resumed BTG deposit and withdrawals in Bitpie Wallet and Pie Bank."
        },
        {
            "type":0,
            "data":"Thanks a lot for your understanding and support."
        },
        {
            "type":0,
            "data":"Bitpie Team<br/>July 9, 2018"
        },
        {
          "type":0,
          "data":"Find us on<br/>Telegram：<a href='t.me/BitpieInternational' target='_blank'>t.me/BitpieInternational</a><br/>Twitter：<a href='twitter.com/BitpieWallet' target='_blank'>twitter.com/BitpieWallet</a>"
        }
      ]
    }
  }