{
  "cn":{
    "title":"关于派银行发放 ADD、CHL 糖果并开通交易的公告",
    "data":"2018-08-08",
    "id":2,
    "watch":14,
    "message":[
      {
        "type":0,
        "data":"亲爱的派友："
      },
      {
        "type":0,
        "data":"派银行已进行 ADD、CHL 糖果的发放，同时开通 ADD/EOS、CHL/EOS 交易对及开放 ADD 交易大赛，详情：<a href='#/newsMessage?id=4' target='_blank'>点击</a>"
      },
      {
        "type":0,
        "data":"比特派团队<br/>2018年08月08日"
      },
      {
        "type":0,
        "data":"Bitpie 社群：<br/>新浪微博：@比特派钱包<a href='weibo.com/bitpiewallet' target='_blank'> weibo.com/bitpiewallet</a><br/>微信公众号：公众号搜索“比特派钱包”<br/>Telegram：<a href='t.me/bitpie1' target='_blank'>t.me/bitpie1</a>"
      }
    ]
  },
  "en":{
    "title":"Announcement of ADD and CHL Airdrops and Open of ADD and CHL Trade in Pie Bank",
    "data":"2018-08-08",
    "id":2,
    "watch":15,
    "message":[
      {
        "type":0,
        "data":"Dear Bitpiers"
      },
      {
        "type":0,
        "data":"Pie Bank has opened the receiving of ADD and CHL airdrops. It has also launched ADD/EOS and CHL/EOS trading pairs and ADD trading competition. For more information please <a href='#/newsMessage?id=4' target='_blank'>Click</a>."
      },
      {
        "type":0,
        "data":"Bitpie Team<br/>August 08, 2018"
      },
      {
        "type":0,
        "data":"Find us on<br/>Telegram：<a href='t.me/BitpieInternational' target='_blank'>t.me/BitpieInternational</a><br/>Twitter：<a href='twitter.com/BitpieWallet' target='_blank'>twitter.com/BitpieWallet</a>"
      }
    ]
  }
}