{
    "cn":{
      "title":"派钱包关于恢复 BTG 充提的公告",
      "data":"2018-06-30",
      "id":13,
      "watch":13,
      "message":[
        {
          "type":0,
          "data":"亲爱的派友："
        },
        {
          "type":0,
          "data":"由于 BTG 主网升级，为了保证平台用户利益，比特派将于2018年6月30日13:00(香港时间)暂停派钱包和派银行中 BTG 的充提，并将于后续主网升级完成且运行稳定后，重新开放 BTG 充提功能。具体时间请关注后续通知。"
        },
        {
          "type":0,
          "data":"请注意，充提服务暂停期间：<span class='import'>请不要进行 BTG 的收发，以免造成不必要的资产损失！</span>"
        },
        {
            "type":0,
            "data":"感谢您对比特派 Bitpie 的支持，不便之处，敬请谅解。"
        },
        {
            "type":0,
            "data":"比特派团队<br/>2018年06月30日"
        },
        {
            "type":0,
            "data":"Bitpie 社群：<br/>新浪微博：@比特派钱包<a href='weibo.com/bitpiewallet' target='_blank'> weibo.com/bitpiewallet</a><br/>微信公众号：公众号搜索“比特派钱包”<br/>Telegram：<a href='t.me/bitpie1' target='_blank'>t.me/bitpie1</a>"
        }
      ]
    },
    "en":{
      "title":"Notice of Suspending BTG Deposit and Withdrawal Services",
      "data":"2018-06-30",
      "id":13,
      "watch":22,
      "message":[
        {
          "type":0,
          "data":"Fellow Bitpiers:"
        },
        {
          "type":0,
          "data":"Due to the upgrade of BTG mainnet and for the sake of your interests, Bitpie will suspend BTG deposit and withdrawals in Bitpie Wallet and Pie Bank at 13:00 on June 30, 2018(GMT+8). We will resume the deposit and withdrawal of BTG promptly after the BTG mainnet runs stably. Please pay attention to our announcement for the specific time."
        },
        {
            "type":0,
            "data":"Attention:<span class='import'> Please do not send or receive BTG in your Bitpie wallet during the suspension of BTG deposit and withdrawals, or else you may lose your assets.</span>"
        },
        {
            "type":0,
            "data":"Your support for Bitpie is greatly appreciated!"
        },
        {
            "type":0,
            "data":"Bitpie Team<br/>June 30, 2018"
        },
        {
          "type":0,
          "data":"Find us on<br/>Telegram：<a href='t.me/BitpieInternational' target='_blank'>t.me/BitpieInternational</a><br/>Twitter：<a href='twitter.com/BitpieWallet' target='_blank'>twitter.com/BitpieWallet</a>"
        }
      ]
    }
  }