{
  "cn":{
    "title":"关于比特派恢复 BCH 充提的公告",
    "data":"2018-09-03",
    "id":19,
    "watch":1879,
    "message":[
      {
        "type":0,
        "data":"尊敬的派友："
      },
      {
        "type":0,
        "data":"BCH 压测已稳定，比特派现已恢复 BCH 的充提，暂停期间为您带来的不便，敬请谅解！"
      },
      {
        "type":0,
        "data":"比特派团队<br/>2018年09月03日"
      },
      {
        "type":0,
        "data":"Bitpie 社群：<br/>新浪微博：@比特派钱包<a href='weibo.com/bitpiewallet' target='_blank'> weibo.com/bitpiewallet</a><br/>微信公众号：公众号搜索“比特派钱包”<br/>Telegram：<a href='t.me/bitpie1' target='_blank'>t.me/bitpie1</a>"
      }
    ]
  }
}