{
  "cn":{
    "title":"比特派关于暂停一键买卖服务的公告",
    "data":"2018-07-10",
    "id":10,
    "watch":5953,
    "message":[
      {
        "type":0,
        "data":"尊敬的比特派用户："
      },
      {
        "type":0,
        "data":"比特派将从即日起，对一键买卖功能架构进行大幅升级，因此将暂停一键买卖服务（ SCNY 卖出不受影响）。升级完成后，将会大幅缩小买卖价差，大幅降低交易手续费，极大优化一键买卖用户体验，同时提供更完善的 KYC 策略，以保证用户资金安全。本次升级时间预计为三周，具体恢复时间，另行通知。"
      },
      {
        "type":0,
        "data":"为您带来的不便，敬请谅解。"
      },
      {
        "type":0,
        "data":"比特派团队<br/>2018年07月10日"
      }
    ]
  },
  "en":{

  }
}