{
  "cn":{
    "title":"比特派钱包关于暂停 BCH 充提的公告",
    "data":"2018-09-03",
    "id":20,
    "watch":1879,
    "message":[
      {
        "type":0,
        "data":"尊敬的派友："
      },
      {
        "type":0,
        "data":"由于 BCH 将于新加坡时间 2018年9月1日 20:00进行全网压测，为了保证平台用户利益，比特派钱包将于 2018年9月1日 20:00(香港时间)暂停派钱包和派银行中 BCH 的充提，并将于后续压测完成且运行稳定后，重新开放 BCH 充提功能。具体时间请关注后续通知。"
      },
      {
        "type":0,
        "data":"请注意，充提服务暂停期间：请不要进行 BCH 的收发，以免造成不必要的资产损失。"
      },
      {
        "type":0,
        "data":"比特派团队<br/>2018年08月31日"
      },
      {
        "type":0,
        "data":"Bitpie 社群：<br/>新浪微博：@比特派钱包<a href='weibo.com/bitpiewallet' target='_blank'> weibo.com/bitpiewallet</a><br/>微信公众号：公众号搜索“比特派钱包”<br/>Telegram：<a href='t.me/bitpie1' target='_blank'>t.me/bitpie1</a>"
      }
    ]
  }
}